unitid,instnm,median_hh_inc,avgfacsal,sat_avg,ugds_white,ugds_black,mn_earn_wne_p10

100663,'University of Alabama at Birmingham',55735.22,10517,1125,0.5786,white,48400
100706,'University of Alabama in Huntsville',58688.62,9463,1257,0.7148,white,52000
100724,'Alabama State University',46065.2,7952,825,0.0138,black,30600
100751,'The University of Alabama',57928.41,9802,1202,0.7841,white,51600
100830,'Auburn University at Montgomery',50723.81,7251,1009,0.5126,white,38000
100858,'Auburn University',59005.4,9945,1217,0.8285,white,56300
100937,'Birmingham Southern College',64789.39,7233,1150,0.7921,white,53100
101189,'Faulkner University',52330.99,5723,972,0.4101,black,40700
101435,'Huntingdon College',54037.99,6615,1001,0.6421,white,43600
101480,'Jacksonville State University',48389.27,6945,1062,0.72,white,38100
101541,'Judson College',46522.29,5666,1013,0.7064,white,29300
101587,'University of West Alabama',40238.44,6249,969,0.4458,white,40400
101648,'Marion Military Institute',56305.23,6074,1066,0.59,white,49800
101693,'University of Mobile',51833.34,5106,1029,0.5384,white,38700
101709,'University of Montevallo',59047.15,7512,1069,0.7074,white,36100
101879,'University of North Alabama',48189.09,7299,1028,0.7188,white,42800
101912,'Oakwood University',60906.45,4912,886,0.0047,black,37400
102049,'Samford University',69602.13,8626,1170,0.8309,white,59800
102094,'University of South Alabama',51919.71,7254,1011,0.5738,white,46800
102234,'Spring Hill College',59048.32,6561,1121,0.6896,white,51300
102261,'Southeastern Bible College',57076.95,4569,970,0.6224,white,38800
102270,'Stillman College',46186.31,5060,765,0.0382,black,33700
102368,'Troy University',49132.68,6405,992,0.5264,white,41100
102377,'Tuskegee University',54155.29,4753,1006,0.0054,black,42200
102614,'University of Alaska Fairbanks',65084.81,9431,1060,0.4338,white,45100
104151,'Arizona State University-Tempe',69074.33,11068,1147,0.5081,white,55500
105589,'Prescott College',62739.99,3236,1089,0.7049,white,34300
105899,'Arizona Christian University',65520.64,5471,963,0.5117,white,34900
106245,'University of Arkansas at Little Rock',51732.17,7683,1029,0.4932,white,39500
106342,'Lyon College',48616.43,6492,1099,0.7365,white,44800
106397,'University of Arkansas',52450.53,9298,1170,0.7652,white,52700
106412,'University of Arkansas at Pine Bluff',42634.24,5850,894,0.0428,black,30600
106458,'Arkansas State University-Main Campus',42159.88,7016,1090,0.7406,white,36600
106546,'Baptist Health College-Little Rock',50522.63,6177,970,0.7307,white,48100
106704,'University of Central Arkansas',48705.91,6882,1082,0.6554,white,42500
106713,'Central Baptist College',50351.38,5252,1018,0.7059,white,43000
107044,'Harding University',61757.88,7373,1135,0.8223,white,47000
107071,'Henderson State University',45548.96,5808,1030,0.6604,white,40400
107080,'Hendrix College',63550.03,7698,1287,0.7392,white,44500
107141,'John Brown University',56884.69,6781,1173,0.7483,white,55400
107512,'Ouachita Baptist University',61306.22,6270,1116,0.8389,white,46000
107558,'University of the Ozarks',51329.59,6502,999,0.5908,white,38600
107585,'University of Arkansas Community College-Morrilton',44557.97,4922,950,0.7452,white,31600
107877,'Williams Baptist College',42485.2,5408,970,0.8157,white,36400
107983,'Southern Arkansas University Main Campus',42416.87,6762,989,0.6414,white,39000
109785,'Azusa Pacific University',73950.46,7958,1035,0.414,white,55900
110097,'Biola University',75484.4,9488,1093,0.4766,white,50700
110361,'California Baptist University',66849.57,8976,988,0.3834,white,47500
110404,'California Institute of Technology',81448.64,19190,1555,0.286,white,106300
110413,'California Lutheran University',81648.78,10063,1107,0.4752,white,60200
110422,'California Polytechnic State University-San Luis Obispo',74683.78,9628,1270,0.5648,white,74300
110510,'California State University-San Bernardino',59070.9,9284,877,0.1272,white,48800
110529,'California State Polytechnic University-Pomona',68064.96,9814,1045,0.1789,white,58000
110538,'California State University-Chico',61867.44,9096,997,0.4384,white,55400
110556,'California State University-Fresno',53295.09,8872,907,0.1965,white,48500
110565,'California State University-Fullerton',73036.4,9422,1017,0.2041,white,51800
110583,'California State University-Long Beach',66954.9,9478,1052,0.1796,white,53000
110592,'California State University-Los Angeles',52850.08,9279,870,0.0652,white,49900
110608,'California State University-Northridge',64055.44,9350,918,0.2195,white,49700
110617,'California State University-Sacramento',65686.13,9161,937,0.274,white,54200
110635,'University of California-Berkeley',77601.85,16260,1422,0.2632,white,79000
110644,'University of California-Davis',76621.08,13670,1218,0.267,white,68100
110653,'University of California-Irvine',78085.65,14456,1206,0.1433,white,65800
110662,'University of California-Los Angeles',72896.84,17113,1334,0.2705,white,73200
110671,'University of California-Riverside',68292.12,12510,1078,0.124,white,55300
110680,'University of California-San Diego',76397.62,14162,1324,0.1991,white,69600
110705,'University of California-Santa Barbara',73046.19,14851,1281,0.3344,white,62400
110714,'University of California-Santa Cruz',78075.09,13595,1201,0.3204,white,53800
111948,'Chapman University',73437.32,12394,1225,0.5674,white,56600
112075,'Concordia University-Irvine',79890.85,6864,1048,0.4765,white,50800
112084,'San Diego Christian College',66943.92,6407,938,0.4536,white,42500
112260,'Claremont McKenna College',82855.72,13553,1413,0.4196,white,93200
113698,'Dominican University of California',79219.91,9065,1039,0.3428,white,63600
114813,'Fresno Pacific University',53503.12,7015,968,0.3251,white,45600
115409,'Harvey Mudd College',82806.61,13165,1496,0.3559,white,104200
115728,'Holy Names University',72379.02,7814,888,0.1709,black,57600
115755,'Humboldt State University',57400.36,9051,983,0.429,white,40100
117104,'Life Pacific College',65850.07,6434,889,0.4419,white,34400
117140,'University of La Verne',67082.29,8877,1040,0.2152,white,52700
117627,'La Sierra University',63313.83,7676,906,0.137,white,54600
117946,'Loyola Marymount University',78631.93,11143,1244,0.4443,white,71600
118693,'Menlo College',80580.15,12906,1010,0.263,white,59700
118888,'Mills College',71756.45,10706,1109,0.4493,white,49500
120184,'Notre Dame de Namur University',89560.16,8401,913,0.2312,white,63900
120254,'Occidental College',75275.66,11180,1315,0.4905,white,59400
120537,'Hope International University',71774.01,5161,942,0.434,white,40700
120865,'Pacific Union College',69255.78,5831,986,0.2264,white,61700
120883,'University of the Pacific',72621.06,10571,1180,0.2504,white,84200
121150,'Pepperdine University',79068.51,11911,1251,0.4833,white,77600
121309,'Point Loma Nazarene University',71269.62,9988,1149,0.5512,white,54400
121345,'Pomona College',76544.99,12864,1442,0.3756,white,77300
121691,'University of Redlands',68599.2,10032,1101,0.4695,white,57700
122409,'San Diego State University',68953.33,10249,1132,0.3359,white,55900
122436,'University of San Diego',79883.39,12246,1237,0.5203,white,71100
122597,'San Francisco State University',77495.51,10045,979,0.1937,white,54700
122612,'University of San Francisco',82472.56,13001,1150,0.264,white,74000
122728,'William Jessup University',76498.11,6911,1023,0.6022,white,45100
122755,'San Jose State University',88589.14,10093,1039,0.1783,white,63800
122931,'Santa Clara University',93581.09,12359,1321,0.4883,white,85300
123165,'Scripps College',79153.99,11227,1353,0.5243,white,61800
123457,'Simpson University',55586.54,6396,985,0.5914,white,39900
123572,'Sonoma State University',75511.05,9390,990,0.4624,white,53200
123651,'Vanguard University of Southern California',75891.29,8081,942,0.4414,white,48800
123961,'University of Southern California',76787.41,13760,1395,0.3986,white,88800
124292,'Thomas Aquinas College',67656.24,9080,1249,0.6891,white,45900
125727,'Westmont College',78788.61,7453,1171,0.6218,white,58000
125763,'Whittier College',73825.46,8587,1040,0.3118,white,50900
125897,'Woodbury University',60713.37,7108,1012,0.3137,white,52100
126182,'Adams State University',50726.71,6222,933,0.4561,white,38100
126562,'University of Colorado Denver/Anschutz Medical Campus',74050.41,10031,1077,0.4948,white,71200
126580,'University of Colorado Colorado Springs',70639.18,8008,1069,0.6542,white,49300
126614,'University of Colorado Boulder',81327.65,11110,1229,0.686,white,59700
126775,'Colorado School of Mines',74353.28,10964,1354,0.7447,white,95600
126818,'Colorado State University-Fort Collins',73818.06,9480,1159,0.7316,white,53400
127060,'University of Denver',78120.26,10680,1262,0.694,white,65400
127185,'Fort Lewis College',61685.3,7152,1014,0.4987,white,39400
127556,'Colorado Mesa University',56304.4,6577,989,0.6853,white,42300
127565,'Metropolitan State University of Denver',71857.86,6476,951,0.5643,white,44200
127741,'University of Northern Colorado',72445.43,7813,1031,0.5847,white,47100
127918,'Regis University',74280.35,7433,1098,0.5794,white,62700
128106,'Colorado State University-Pueblo',54713.6,6548,969,0.4769,white,41600
128391,'Western State Colorado University',68547.81,6667,1026,0.7262,white,43400
128744,'University of Bridgeport',63241.6,7730,930,0.2309,black,47100
128771,'Central Connecticut State University',75579.11,9141,1000,0.6299,white,51600
129020,'University of Connecticut',80999.86,12086,1248,0.5984,white,66000
129525,'University of Hartford',82221.8,7895,1046,0.5471,white,51700
129941,'University of New Haven',77310.15,10038,1043,0.6157,white,54600
130183,'Post University',67090.63,6001,893,0.4125,white,46500
130226,'Quinnipiac University',87986.1,10962,1096,0.7631,white,67700
130314,'University of Saint Joseph',74607,8142,985,0.5469,white,52900
130493,'Southern Connecticut State University',74581.97,8916,933,0.5517,white,48100
130794,'Yale University',75345.96,18333,1502,0.4617,white,124400
130934,'Delaware State University',60801.87,7722,898,0.0983,black,38400
130943,'University of Delaware',84189.75,12175,1170,0.7278,white,64000
131098,'Wesley College',70367.14,7133,830,0.3851,black,45700
131159,'American University',81657.17,11386,1262,0.5864,white,67700
131450,'Gallaudet University',65746.56,10127,827,0.5297,white,34300
131469,'George Washington University',85677.46,13928,1301,0.5407,white,82400
131496,'Georgetown University',82187.36,14655,1422,0.563,white,125200
131520,'Howard University',66680.2,8635,1142,0.0132,black,54500
132408,'The Baptist College of Florida',50305.97,4913,910,0.8023,white,36200
132471,'Barry University',58621.88,7895,930,0.1939,black,50900
132657,'Lynn University',78627.36,5259,984,0.4491,white,46500
132879,'Johnson University Florida',59004.31,7146,972,0.7017,white,31700
132903,'University of Central Florida',62518.63,9509,1179,0.511,white,51200
133492,'Eckerd College',68211.73,7537,1125,0.7717,white,46700
133526,'Edward Waters College',47937.99,5006,808,0.0413,black,28700
133650,'Florida Agricultural and Mechanical University',52786.24,8385,1001,0.0349,black,44700
133669,'Florida Atlantic University',63066.25,9234,1047,0.4191,white,48300
133711,'Flagler College-St Augustine',63843.09,6345,1079,0.7821,white,42200
133809,'Florida College',63903.31,6838,1068,0.7691,white,42700
133872,'Adventist University of Health Sciences',60028.37,7465,917,0.4075,white,58200
133881,'Florida Institute of Technology',68086.59,9365,1179,0.4428,white,61200
133951,'Florida International University',58110.89,10079,1130,0.0923,black,52000
134079,'Florida Southern College',60789.21,7590,1177,0.7359,white,44400
134097,'Florida State University',60914.47,10657,1214,0.6275,white,53900
134130,'University of Florida',60120.16,11294,1287,0.5586,white,65700
135726,'University of Miami',71124,11984,1323,0.4251,white,72900
136172,'University of North Florida',62628.24,7873,1110,0.6741,white,49200
136215,'Nova Southeastern University',62876.89,9907,1127,0.3296,white,55600
136330,'Palm Beach Atlantic University',64221.06,7587,1076,0.6168,white,48000
137032,'Saint Leo University',58178.62,7732,1032,0.3636,black,50500
137351,'University of South Florida-Main Campus',58397.57,9468,1172,0.497,white,48500
137476,'St Thomas University',56846.82,10232,930,0.0954,black,60500
137564,'Southeastern University',60101.07,7242,978,0.59,white,37900
137847,'The University of Tampa',71934.52,8842,1097,0.597,white,55100
137953,'Trinity Baptist College',58249.91,3671,874,0.6051,white,33300
137962,'Trinity College of Florida',55309.46,4720,827,0.4121,white,33700
138275,'Warner University',52491.75,4754,888,0.4183,white,42500
138293,'Webber International University',55372.47,4300,897,0.3707,white,40100
138354,'The University of West Florida',54753.42,7780,1070,0.6525,white,43400
138558,'Abraham Baldwin Agricultural College',46480.92,5277,932,0.8005,white,36300
138716,'Albany State University',52181.09,6117,899,0.0454,black,34600
138789,'Armstrong State University',56704.76,6097,987,0.5529,white,44000
138868,'Point University',69033.68,5599,922,0.4728,white,34700
138947,'Clark Atlanta University',60451.55,6970,914,0.0019,black,38200
139144,'Berry College',70464.52,7827,1183,0.8117,white,43900
139199,'Brenau University',67048.19,7165,973,0.4811,white,45400
139250,'College of Coastal Georgia',50342.2,5942,896,0.644,white,32800
139366,'Columbus State University',55979.92,6454,963,0.4993,white,38800
139393,'Covenant College',63670.68,7380,1191,0.8624,white,46700
139630,'Emmanuel College',50422.48,5100,943,0.6779,white,35400
139658,'Emory University',80509.92,13527,1397,0.4192,white,84400
139719,'Fort Valley State University',53364.82,6207,855,0.0409,black,34700
139755,'Georgia Institute of Technology-Main Campus',77933.64,12361,1417,0.4999,white,85900
139764,'Georgia Southwestern State University',49591.36,6003,975,0.6306,white,40100
139861,'Georgia College & State University',68382.02,6788,1116,0.8399,white,45200
139931,'Georgia Southern University',62772.56,6723,1110,0.6226,white,46100
139940,'Georgia State University',72190.32,8592,1070,0.2461,black,48200
139959,'University of Georgia',71225.06,10885,1262,0.7027,white,59100
139968,'Gordon State College',63654.05,5412,853,0.5233,white,34700
140234,'LaGrange College',61341.56,6205,1021,0.714,white,45700
140252,'Life University',67303.03,7387,927,0.4791,white,47200
140447,'Mercer University',67164.94,8217,1211,0.4792,white,58200
140553,'Morehouse College',61675.05,7438,994,0.0029,black,49000
140696,'Oglethorpe University',73815.08,6703,1125,0.3457,white,49400
140720,'Paine College',51038.61,4455,745,0.0239,black,29700
140818,'Piedmont College',58219.12,6056,991,0.6873,white,43400
140872,'Reinhardt University',75577.26,5901,965,0.6267,white,40500
140951,'Savannah College of Art and Design',71588.69,8876,1086,0.5437,white,41400
140960,'Savannah State University',54220.88,5714,823,0.0341,black,35000
140988,'Shorter University',65365.08,5089,961,0.6066,white,50100
141060,'Spelman College',63157.84,8055,1092,0.0005,black,50700
141185,'Toccoa Falls College',59357.86,5286,962,0.7588,white,32200
141237,'Truett McConnell University',62186.38,3979,953,0.8108,white,37100
141264,'Valdosta State University',57353.47,6536,982,0.4871,white,41600
141325,'Wesleyan College',57826.42,6487,1035,0.4204,white,37600
141334,'University of West Georgia',66454.08,6326,945,0.4763,white,41700
141361,'Young Harris College',65588.3,6051,1004,0.7531,white,41300
141486,'Chaminade University of Honolulu',72476.63,7929,976,0.166,white,41000
141565,'University of Hawaii at Hilo',59308.27,9662,978,0.2059,white,41800
141574,'University of Hawaii at Manoa',71646.27,11561,1075,0.17,white,51800
142090,'Boise Bible College',55318.91,6011,1009,0.8881,white,32700
142115,'Boise State University',58298.66,7491,1047,0.7352,white,43100
142285,'University of Idaho',54125.14,8787,1070,0.7485,white,47000
142328,'Lewis-Clark State College',49266.88,5817,937,0.8318,white,38200
142461,'Northwest Nazarene University',59470.41,6016,1113,0.754,white,46300
142522,'Brigham Young University-Idaho',58959.59,7761,1036,0.7618,white,49400
143048,'School of the Art Institute of Chicago',72806.39,9651,1127,0.3466,white,40800
143118,'Aurora University',77796.79,7636,1005,0.5383,white,46200
143288,'Blackburn College',56165.33,5822,968,0.7666,white,41700
143358,'Bradley University',74072.54,8476,1141,0.569,white,58300
144005,'Chicago State University',51518.57,6987,883,0.0327,black,38200
144050,'University of Chicago',74573.19,17399,1508,0.4344,white,103000
144351,'Concordia University-Chicago',68556.46,3957,1011,0.5194,white,42700
144892,'Eastern Illinois University',66452.23,8313,990,0.6683,white,46000
144962,'Elmhurst College',80672.5,7985,1068,0.6425,white,51600
144971,'Eureka College',63161.33,5876,1030,0.8514,white,40500
145336,'Governors State University',67479.79,7344,910,0.3402,black,44000
145372,'Greenville University',58941.13,5551,999,0.6841,white,39900
145497,'Hebrew Theological College',62643.23,5109,1076,0.9849,white,26700
145600,'University of Illinois at Chicago',71955.13,10852,1105,0.3222,white,61300
145637,'University of Illinois at Urbana-Champaign',77278.04,11827,1320,0.4661,white,70900
145646,'Illinois Wesleyan University',81071.43,8160,1229,0.7107,white,67300
145725,'Illinois Institute of Technology',74075.49,12225,1275,0.3428,white,78000
145813,'Illinois State University',74746.5,7862,1090,0.7554,white,51600
146339,'Judson University',75944.27,5834,1020,0.533,white,47200
146612,'Lewis University',79812.86,9140,1090,0.6212,white,53600
146667,'Lincoln Christian University',60672.01,5365,1007,0.796,white,37000
146676,'Lincoln College',67725.68,5322,823,0.4291,black,34700
146719,'Loyola University Chicago',76055.22,10360,1195,0.5616,white,63500
146825,'MacMurray College',57876.41,5618,946,0.755,white,39300
147013,'McKendree University',58622.67,6809,1025,0.6545,white,50200
147244,'Millikin University',63904.96,5916,1047,0.7119,white,47200
147341,'Monmouth College',66145.51,6792,1045,0.6275,white,46500
147660,'North Central College',86906.76,8457,1123,0.6801,white,52300
147679,'North Park University',70754.04,7808,993,0.463,white,45600
147703,'Northern Illinois University',75712.57,8001,1030,0.562,white,49800
147767,'Northwestern University',81811.63,16067,1470,0.4844,white,93400
147776,'Northeastern Illinois University',61978.62,5742,870,0.3058,white,41900
147828,'Olivet Nazarene University',66225.19,6893,1099,0.7897,white,44000
148131,'Quincy University',58100.78,5653,991,0.7179,white,46000
148405,'Rockford University',64497.21,5731,1011,0.6808,white,47800
148487,'Roosevelt University',70632.13,8221,1012,0.4483,white,47700
148496,'Dominican University',69994.18,6053,1050,0.3523,white,49900
148584,'University of St Francis',76865.85,7942,1068,0.6488,white,56500
148627,'Saint Xavier University',69054.28,7127,1009,0.422,white,50600
148654,'University of Illinois at Springfield',58971.81,7483,1067,0.6409,white,49900
149222,'Southern Illinois University-Carbondale',59313.76,7744,1029,0.649,white,49500
149231,'Southern Illinois University-Edwardsville',59952.94,7774,1068,0.7346,white,50800
149505,'Trinity Christian College',74534.57,6661,1081,0.6516,white,44600
149514,'Trinity International University-Illinois',72368.27,7472,1079,0.6482,white,45400
149772,'Western Illinois University',67698,8706,970,0.6011,white,47500
149781,'Wheaton College',81885.15,9008,1306,0.7496,white,60500
150066,'Anderson University',64040.72,6472,1019,0.8049,white,41300
150136,'Ball State University',62817.43,7381,1057,0.8035,white,44600
150145,'Bethel College-Indiana',61051.82,5729,1039,0.7229,white,42800
150163,'Butler University',71968.39,8558,1215,0.8205,white,68900
150400,'DePauw University',72050.75,9415,1187,0.6889,white,66100
150534,'University of Evansville',61532.75,8037,1147,0.7078,white,48800
150604,'Franklin College',61682.88,6614,991,0.8421,white,46300
150668,'Goshen College',61693.43,5428,1074,0.6406,white,42400
150677,'Grace College and Theological Seminary',63627.14,7259,1076,0.8018,white,37500
150756,'Hanover College',64885.98,7626,1093,0.8052,white,51600
150774,'Holy Cross College',72725.39,5201,1053,0.637,white,45300
150941,'Huntington University',63046.08,6272,1019,0.842,white,39000
151102,'Indiana University-Purdue University-Fort Wayne',61940.3,7631,976,0.8146,white,39800
151111,'Indiana University-Purdue University-Indianapolis',64749.24,8183,1025,0.7054,white,50700
151263,'University of Indianapolis',63891.1,7286,1033,0.678,white,46100
151290,'Indiana Institute of Technology',60972.77,7573,944,0.3551,black,49400
151306,'University of Southern Indiana',57279.45,7109,1005,0.8706,white,40200
151324,'Indiana State University',56049.16,7226,907,0.6518,white,42600
151333,'Indiana University-Kokomo',60071.06,6091,938,0.843,white,40500
151342,'Indiana University-South Bend',59249.25,6201,952,0.7288,white,38100
151351,'Indiana University-Bloomington',70094.49,10177,1200,0.7033,white,57800
151360,'Indiana University-Northwest',61713.1,6745,939,0.5468,white,40400
151379,'Indiana University-Southeast',57669.69,6719,943,0.8409,white,41800
151388,'Indiana University-East',51277.14,6210,949,0.864,white,34800
151777,'Manchester University',60877.57,7316,1019,0.7741,white,43600
151786,'Marian University',65206.92,6407,1025,0.7291,white,46600
151801,'Indiana Wesleyan University-Marion',62930.13,7127,1077,0.8234,white,56200
152080,'University of Notre Dame',76710.92,13805,1474,0.6919,white,98400
152099,'Oakland City University',52931.31,5225,978,0.7198,white,37200
152248,'Purdue University-Calumet Campus',61126.89,8525,978,0.5501,white,43000
152266,'Purdue University-North Central Campus',65416.73,7879,968,0.815,white,44600
152318,'Rose-Hulman Institute of Technology',67724.52,10945,1318,0.7123,white,88500
152336,'University of Saint Francis-Fort Wayne',63802.5,6132,1001,0.8015,white,43600
152363,'Saint Josephs College',63422.14,5883,999,0.7635,white,45800
152381,'Saint Mary-of-the-Woods College',56558.81,5306,928,0.7909,white,31900
152530,'Taylor University',68822.46,6651,1138,0.8298,white,42600
152567,'Trine University',60275.33,7644,1079,0.7736,white,49600
152600,'Valparaiso University',72576.06,7814,1153,0.7157,white,54400
152673,'Wabash College',66824.54,8516,1145,0.7206,white,64000
153001,'Buena Vista University',51579.73,6409,1046,0.8224,white,42600
153108,'Central College',59591.09,7169,1091,0.8801,white,48400
153126,'Clarke University',57836.44,6038,1043,0.8223,white,44800
153144,'Coe College',61192.02,7254,1145,0.7271,white,50000
153162,'Cornell College',67428.42,7136,1172,0.6725,white,45400
153250,'Dordt College',61155.28,6320,1113,0.8234,white,45300
153269,'Drake University',70375.31,9590,1241,0.7929,white,68700
153278,'University of Dubuque',58943.3,6664,923,0.6091,white,42500
153302,'Emmaus Bible College',63394.45,4349,1088,0.7724,white,36800
153320,'Faith Baptist Bible College and Theological Seminary',57604.15,5113,1051,0.9034,white,38700
153366,'Graceland University-Lamoni',56137.53,5511,971,0.6253,white,40200
153375,'Grand View University',62140.86,6452,970,0.6983,white,45200
153384,'Grinnell College',70311.1,9549,1410,0.5208,white,61000
153603,'Iowa State University',61269.08,10801,1144,0.7455,white,56000
153621,'Iowa Wesleyan University',55010.75,5640,917,0.3981,white,39900
153658,'University of Iowa',63769.8,10874,1165,0.6901,white,62000
153825,'Loras College',66273.98,6218,1051,0.8298,white,50200
153834,'Luther College',65739.49,7526,1157,0.8241,white,53200
154004,'Morningside College',54990.75,6728,1070,0.7867,white,47900
154013,'Mount Mercy University',61693.27,6086,990,0.7917,white,48400
154095,'University of Northern Iowa',56117.97,7729,1050,0.8271,white,49700
154101,'Northwestern College',58600.59,6348,1113,0.8178,white,40200
154235,'Saint Ambrose University',63314.56,7220,1050,0.7788,white,50500
154350,'Simpson College',60274.33,6770,1103,0.8538,white,51200
154493,'Upper Iowa University',57565.93,5869,968,0.6561,white,45500
154518,'Waldorf University',57010.8,5099,960,0.6278,white,42400
154527,'Wartburg College',58222.9,6666,1084,0.7488,white,50600
154590,'William Penn University',58579.66,5723,889,0.5871,white,46400
154688,'Baker University',67758.92,6019,1053,0.716,white,59500
154712,'Benedictine College',64485.18,6720,1116,0.7774,white,45000
154721,'Bethany College',57710.76,4076,960,0.5267,white,45100
154855,'Central Christian College of Kansas',55393.39,3508,921,0.5453,white,34800
155025,'Emporia State University',56675.47,6729,1029,0.701,white,40300
155089,'Friends University',60343.56,6570,1002,0.6452,white,46900
155140,'Haskell Indian Nations University',43179.27,6241,872,0,white,27500
155317,'University of Kansas',70891.42,10003,1185,0.7158,white,59300
155335,'Newman University',62008.99,5358,1079,0.632,white,47900
155414,'Kansas Wesleyan University',54592.99,5875,1003,0.6578,white,43300
155496,'Manhattan Christian College',58385.25,5079,1022,0.6318,white,38800
155511,'McPherson College',59250.54,5853,1011,0.6785,white,43500
155520,'MidAmerica Nazarene University',69737.68,6204,994,0.634,white,49600
155681,'Pittsburg State University',50242.27,7136,1010,0.789,white,44400
155812,'University of Saint Mary',62613.14,6686,1005,0.5752,white,42500
155900,'Southwestern College',58156.66,6080,959,0.4572,white,54000
155937,'Sterling College',58015.54,4451,967,0.7003,white,40500
155973,'Tabor College',57538.37,4352,971,0.6573,white,45500
156125,'Wichita State University',60078.99,7573,1102,0.6135,white,45400
156189,'Alice Lloyd College',31403.34,4728,1010,0.962,white,41600
156213,'Asbury University',61842.48,6520,1124,0.8158,white,40700
156286,'Bellarmine University',65601.28,8012,1118,0.8182,white,50600
156295,'Berea College',47532.74,7717,1123,0.5862,white,36300
156356,'Brescia University',50402.08,5248,1060,0.6464,white,48000
156365,'Campbellsville University',47586.61,5135,1008,0.7113,white,35400
156408,'Centre College',64052.84,8232,1266,0.7553,white,53800
156541,'University of the Cumberlands',44968.88,4971,1025,0.77,white,38200
156620,'Eastern Kentucky University',47617.36,7049,1049,0.8487,white,39300
156745,'Georgetown College',56937.11,6124,1061,0.7992,white,50500
157058,'Kentucky State University',51636.62,6401,907,0.2906,black,31300
157076,'Kentucky Wesleyan College',52095.32,5249,992,0.7289,white,41700
157085,'University of Kentucky',59287.73,10251,1159,0.7554,white,54000
157100,'Kentucky Christian University',53919.37,4804,962,0.6921,white,36500
157289,'University of Louisville',59042.66,8876,1165,0.7469,white,48600
157377,'Midway University',50374.83,6212,967,0.7734,white,37400
157386,'Morehead State University',42103.85,6602,1066,0.8811,white,37000
157401,'Murray State University',48948.11,7050,1101,0.8108,white,42300
157447,'Northern Kentucky University',63568.77,7548,1066,0.8212,white,41800
157535,'University of Pikeville',35782.96,5995,927,0.853,white,39000
157757,'Spalding University',55916.29,6978,972,0.6821,white,48300
157809,'Thomas More College',64733.74,6313,1027,0.776,white,58900
157863,'Union College',38949.24,4817,950,0.7007,white,36400
157951,'Western Kentucky University',50387.75,7188,1044,0.7656,white,38600
158477,'Centenary College of Louisiana',58549.24,7067,1121,0.6464,white,52500
158802,'Dillard University',51069.58,6203,931,0.0111,black,37900
159009,'Grambling State University',44602.47,5336,874,0.0075,black,32800
159382,'Louisiana State University-Alexandria',39416.07,5521,969,0.6541,white,36300
159391,'Louisiana State University and Agricultural & Mechanical College',57504.74,9529,1162,0.7248,white,60100
159416,'Louisiana State University-Shreveport',47946.96,6449,1048,0.5666,white,41000
159568,'Louisiana College',46322.14,5643,970,0.6244,white,48300
159647,'Louisiana Tech University',46738.12,7273,1105,0.6908,white,49200
159656,'Loyola University New Orleans',67759.61,8780,1165,0.5236,white,52300
159717,'McNeese State University',47295.56,6629,1027,0.6719,white,45000
159939,'University of New Orleans',51940.24,7543,1034,0.5313,white,43500
159966,'Nicholls State University',49304.74,5843,1030,0.6677,white,43800
159993,'University of Louisiana at Monroe',43063.22,7332,1057,0.6231,white,46300
160038,'Northwestern State University of Louisiana',43125.41,6210,1006,0.5357,white,39600
160065,'University of Holy Cross',52742.13,6073,950,0.2559,white,40700
160074,'Franciscan Missionaries of Our Lady University',54007.12,6613,1010,0.5975,white,49400
160612,'Southeastern Louisiana University',53084.32,6198,1010,0.6297,white,42800
160621,'Southern University and A & M College',45854.37,6173,1080,0.027,black,39600
160630,'Southern University at New Orleans',43920.92,5913,850,0.0235,black,32100
160658,'University of Louisiana at Lafayette',47090.8,8270,1089,0.6297,white,46400
160755,'Tulane University of Louisiana',69803.28,11484,1346,0.7091,white,86300
160904,'Xavier University of Louisiana',55657.89,8478,1054,0.0271,black,64500
161022,'Maine College of Health Professions',51663.03,6610,905,0.9545,white,53100
161086,'Colby College',80130.48,11759,1383,0.6179,white,71000
161235,'University of Maine at Fort Kent',44056.6,6553,890,0.7621,white,37700
161253,'University of Maine',54908.38,9292,1073,0.8368,white,48300
161299,'Maine Maritime Academy',56725.03,7676,1042,0.8797,white,107200
161457,'University of New England',64934.4,8384,1055,0.8274,white,51000
161554,'University of Southern Maine',58065.5,8946,984,0.8058,white,44400
161873,'University of Baltimore',65721.01,10639,924,0.3274,black,63400
162007,'Bowie State University',77046.6,8514,856,0.0218,black,48700
162061,'Capitol Technology University',73053.75,7187,1018,0.4167,white,68100
162210,'Washington Adventist University',69837.96,5430,854,0.0595,black,46300
162283,'Coppin State University',54222.17,7596,829,0.017,black,41800
162584,'Frostburg State University',70221.41,7087,970,0.5327,white,47200
162928,'Johns Hopkins University',81539.46,12608,1476,0.3656,white,89300
163268,'University of Maryland-Baltimore County',83010.29,9987,1216,0.4288,white,59600
163286,'University of Maryland-College Park',90010.73,12955,1337,0.5089,white,70800
163295,'Maryland Institute College of Art',80395.11,8118,1152,0.4542,white,41200
163338,'University of Maryland Eastern Shore',66039.83,8038,872,0.0999,black,40400
163453,'Morgan State University',63566.62,8745,894,0.0186,black,42600
163578,'Notre Dame of Maryland University',70799.46,7092,1058,0.5201,white,56400
164076,'Towson University',80470.71,7368,1070,0.5904,white,55100
164173,'Stevenson University',74334.54,8971,1022,0.5624,white,54600
164270,'McDaniel College',83552.93,7079,1103,0.6771,white,54000
164447,'American International College',62232.99,5744,881,0.3871,white,50000
164465,'Amherst College',82187.65,12751,1451,0.428,white,83300
164580,'Babson College',82978.89,16623,1281,0.3828,white,113300
164614,'Boston Baptist College',68167.52,6884,900,0.9344,white,37500
164632,'Bay Path University',64235.27,8077,967,0.5695,white,44800
164720,'Becker College',68777.13,7721,1037,0.7063,white,49400
164739,'Bentley University',82419.5,13380,1198,0.6219,white,95400
164924,'Boston College',83893.95,14619,1378,0.6197,white,92500
164988,'Boston University',83140.68,13130,1328,0.4096,white,75900
165015,'Brandeis University',85221.28,12627,1377,0.4618,white,69000
165024,'Bridgewater State University',75059.92,9094,992,0.7556,white,47900
165529,'Curry College',77762.42,9758,943,0.6743,white,51100
165644,'Eastern Nazarene College',69305.79,5455,986,0.5179,white,46100
165662,'Emerson College',80699.66,9605,1232,0.6714,white,51200
165820,'Fitchburg State University',71253.32,9077,990,0.7132,white,47400
165866,'Framingham State University',80769.61,8786,995,0.6863,white,49000
165936,'Gordon College',80002.32,8014,1074,0.6934,white,47700
166027,'Harvard University',76879.55,19152,1506,0.4296,white,139100
166391,'Lasell College',77012.29,7897,966,0.707,white,45700
166452,'Lesley University',73324.38,8116,1064,0.6393,white,40500
166513,'University of Massachusetts-Lowell',76546.63,11704,1172,0.6327,white,57200
166629,'University of Massachusetts-Amherst',78424.73,12298,1234,0.6564,white,57700
166638,'University of Massachusetts-Boston',68463.25,10755,1073,0.3477,white,53700
166656,'MCPHS University',72630.13,9246,1074,0.4131,white,106500
166674,'Massachusetts College of Art and Design',75629.56,10250,1069,0.6296,white,40700
166683,'Massachusetts Institute of Technology',77426.3,17545,1519,0.3511,white,153600
166692,'Massachusetts Maritime Academy',77684.66,7333,1052,0.8659,white,96000
167288,'Massachusetts College of Liberal Arts',64342.86,8999,1015,0.7443,white,38300
167358,'Northeastern University',80190.89,12539,1434,0.4668,white,74200
167394,'College of Our Lady of the Elms',59687.78,6947,954,0.5688,white,49600
167729,'Salem State University',71187,8840,992,0.6505,white,47100
167783,'Simmons College',77652.59,7837,1179,0.6615,white,58400
167899,'Springfield College',64281.13,7991,1045,0.7992,white,48500
167987,'University of Massachusetts-Dartmouth',72067.31,10768,1025,0.6159,white,51500
168005,'Suffolk University',76214.79,11758,1020,0.4339,white,59900
168148,'Tufts University',82793.69,11728,1445,0.5649,white,103300
168218,'Wellesley College',81018.79,11985,1403,0.3749,white,71800
168227,'Wentworth Institute of Technology',76699.8,8307,1117,0.6301,white,67300
168254,'Western New England University',76363.81,9262,1096,0.7346,white,61300
168263,'Westfield State University',72419.11,9372,992,0.7565,white,48900
168290,'Wheelock College',76696.63,7006,903,0.5784,white,37400
168342,'Williams College',77966.2,12445,1439,0.5328,white,89800
168430,'Worcester State University',68531.82,8791,1016,0.6849,white,52400
168528,'Adrian College',66915.1,7880,1003,0.7045,white,42800
168546,'Albion College',71425.7,7341,1067,0.7064,white,55700
168591,'Alma College',61676.21,7308,1087,0.7779,white,46500
168740,'Andrews University',63096.48,4832,1127,0.2733,white,47800
168786,'Aquinas College',64829.33,6043,1090,0.7857,white,42400
169080,'Calvin College',70660.49,8435,1180,0.7278,white,48700
169248,'Central Michigan University',66048.2,8749,1049,0.7767,white,46200
169442,'College for Creative Studies',74293.04,9597,1050,0.5781,white,50700
169716,'University of Detroit Mercy',64142.33,8756,1125,0.6245,white,53700
169798,'Eastern Michigan University',69989,9389,1030,0.6451,white,43900
169910,'Ferris State University',61040.62,8247,1030,0.7914,white,49600
169983,'Kettering University',70813.57,8250,1226,0.755,white,78500
170037,'Cornerstone University',63718.46,5732,1009,0.771,white,40800
170082,'Grand Valley State University',67198.25,6693,1089,0.8213,white,47200
170301,'Hope College',72371.25,8207,1179,0.8265,white,50700
170639,'Lake Superior State University',53637.55,6681,1048,0.7998,white,42000
170675,'Lawrence Technological University',73119.88,7641,1164,0.6091,white,60500
170806,'Madonna University',72787.1,7583,970,0.6106,white,44400
170842,'Marygrove College',51580.09,6372,849,0.1684,black,31600
170967,'Rochester College',72043.03,5436,989,0.6197,white,39000
170976,'University of Michigan-Ann Arbor',77145.9,11076,1386,0.611,white,79000
171100,'Michigan State University',72140.18,11413,1194,0.6726,white,63200
171128,'Michigan Technological University',61737.2,9929,1242,0.8726,white,66800
171137,'University of Michigan-Dearborn',67620.59,9274,1125,0.6837,white,56200
171146,'University of Michigan-Flint',64807.7,8448,1050,0.6798,white,44500
171456,'Northern Michigan University',57050.02,8062,1024,0.8475,white,39800
171492,'Northwood University',64809.96,6072,1026,0.6063,white,54900
171571,'Oakland University',78696.54,9034,1082,0.7493,white,48100
171599,'Olivet College',62696.44,5862,972,0.7039,white,42200
171881,'Kuyper College',68721.86,5273,1078,0.8159,white,35200
172051,'Saginaw Valley State University',57827.75,7850,1050,0.7234,white,42700
172334,'Spring Arbor University',61521.97,5226,1029,0.7587,white,45000
172440,'Finlandia University',47498.69,4752,877,0.6168,white,38700
172644,'Wayne State University',61912.62,10186,1086,0.5819,white,52300
172699,'Western Michigan University',69141.32,9642,1030,0.7114,white,50500
173045,'Augsburg University',72224.74,7477,1031,0.4659,white,53200
173124,'Bemidji State University',55158.96,8417,1030,0.8398,white,44000
173142,'Bethany Lutheran College',62776.68,6509,1080,0.8421,white,37600
173160,'Bethel University',77038.37,8222,1125,0.7197,white,52600
173258,'Carleton College',71070.84,11688,1413,0.6161,white,67900
173452,'Martin Luther College',64939.16,4407,1109,0.9361,white,37400
173665,'Hamline University',70958.04,7434,1104,0.7023,white,55500
173902,'Macalester College',71692.75,10179,1378,0.6433,white,55800
173920,'Minnesota State University-Mankato',66314.89,9170,1029,0.748,white,48400
174066,'University of Minnesota-Twin Cities',70741.62,11577,1288,0.6909,white,61200
174075,'University of Minnesota-Crookston',55080.02,7163,1026,0.7705,white,49100
174127,'Minneapolis College of Art and Design',70094.27,7283,1069,0.6522,white,43200
174233,'University of Minnesota-Duluth',68076.22,8161,1110,0.8505,white,56300
174251,'University of Minnesota-Morris',63548.87,7102,1145,0.6018,white,44400
174358,'Minnesota State University Moorhead',54641.42,8881,1049,0.775,white,44900
174437,'North Central University',65000.36,6567,1029,0.7641,white,35800
174491,'University of Northwestern-St Paul',70065.41,6109,1104,0.8279,white,43400
174525,'Oak Hills Christian College',53222.25,4027,874,0.7965,white,31700
174747,'College of Saint Benedict',70918.96,8283,1134,0.7835,white,57000
174783,'Saint Cloud State University',66422.48,9314,991,0.6949,white,48600
174792,'Saint Johns University',71469.52,8374,1134,0.7948,white,67100
174844,'St Olaf College',75732.77,8777,1279,0.7292,white,57300
174862,'Crown College',68899.21,4901,1006,0.7236,white,40100
174899,'The College of Saint Scholastica',60287.14,6818,1086,0.8322,white,56000
174914,'University of St Thomas',76939.14,10370,1204,0.8166,white,62900
175005,'St Catherine University',71786.79,7124,1032,0.6187,white,51100
175078,'Southwest Minnesota State University',56697.45,9027,967,0.7454,white,41400
175272,'Winona State University',68678.3,8592,1049,0.8597,white,48600
175342,'Alcorn State University',38329.94,6685,892,0.0288,black,35000
175430,'Blue Mountain College',44968.64,5227,972,0.8373,white,29200
175616,'Delta State University',39124.62,6263,1028,0.5694,white,37600
175856,'Jackson State University',43401.54,7352,911,0.0377,black,33700
175980,'Millsaps College',56763.17,7714,1161,0.7134,white,54500
176017,'University of Mississippi',53374.26,9042,1155,0.7796,white,56600
176035,'Mississippi University for Women',43147.25,6179,1021,0.5338,white,38900
176044,'Mississippi Valley State University',34674.56,5786,825,0.0335,black,27200
176053,'Mississippi College',52824.92,7419,1122,0.6786,white,44900
176080,'Mississippi State University',46465.5,8431,1125,0.7221,white,47400
176318,'Rust College',41256.82,4665,735,0.006,black,26600
176372,'University of Southern Mississippi',46990.98,7560,1070,0.6104,white,42700
176406,'Tougaloo College',44758.77,4809,954,0.0048,black,32400
176479,'William Carey University',45401.66,5452,1091,0.597,white,40500
176628,'Avila University',67638.05,6592,985,0.5519,white,49700
176789,'Calvary University',59014.41,4329,1019,0.7887,white,39200
176910,'Central Christian College of the Bible',57236.66,3612,1026,0.794,white,30600
176947,'Central Methodist University-College of Liberal Arts and Sciences',49478.5,5913,1023,0.7661,white,39500
176965,'University of Central Missouri',57730.2,7234,1050,0.7654,white,42600
177117,'Cottey College',61289.57,6443,1059,0.6325,white,34700
177144,'Culver-Stockton College',52894.01,5436,966,0.7234,white,40100
177214,'Drury University',45736.92,6343,1142,0.8376,white,36200
177339,'Evangel University',58696.81,6412,1063,0.8061,white,40900
177418,'Fontbonne University',60924.15,6564,1050,0.7132,white,46300
177746,'Kansas City Art Institute',67668.37,7009,1072,0.6282,white,33200
177968,'Lindenwood University',68730.21,7040,1045,0.5451,white,47000
178059,'Maryville University of Saint Louis',70678.19,7498,1114,0.7251,white,51100
178244,'Missouri Baptist University',62761.71,5514,968,0.6742,white,39200
178341,'Missouri Southern State University',46217,5929,990,0.7579,white,38100
178396,'University of Missouri-Columbia',66484.66,9095,1183,0.785,white,56600
178402,'University of Missouri-Kansas City',63187.36,8826,1126,0.57,white,57200
178411,'Missouri University of Science and Technology',59935.86,10206,1265,0.7971,white,72400
178420,'University of Missouri-St Louis',64068.51,8486,1101,0.6308,white,49200
178615,'Truman State University',64318.95,7122,1224,0.7927,white,50500
178624,'Northwest Missouri State University',55791.06,6954,1047,0.7969,white,43700
178679,'Ozark Christian College',54292.89,4621,1047,0.8379,white,33900
178697,'College of the Ozarks',46804.8,7322,1071,0.9233,white,35300
179043,'Rockhurst University',68699.32,7028,1162,0.7238,white,57300
179159,'Saint Louis University',72169.74,9834,1259,0.6834,white,64900
179256,'Saint Louis Christian College',59406.69,3583,780,0.581,white,32300
179265,'St. Louis College of Pharmacy',64533.67,9496,1185,0.5844,white,110600
179326,'Southwest Baptist University',49841.76,5839,1027,0.8387,white,37400
179548,'Stephens College',61398.11,5274,1049,0.6948,white,41000
179557,'Southeast Missouri State University',51305.92,7154,1049,0.7813,white,41400
179566,'Missouri State University-Springfield',56273.4,7442,1090,0.8124,white,44500
179867,'Washington University in St Louis',79298.58,14367,1472,0.5337,white,87900
179894,'Webster University',66464.45,8726,1110,0.6101,white,47900
179946,'Westminster College',62575.25,5999,1087,0.7083,white,49800
179955,'William Jewell College',66156.47,6751,1144,0.7863,white,51300
179964,'William Woods University',58051.44,5395,1026,0.8074,white,40300
180106,'Carroll College',55326.09,6449,1128,0.801,white,49200
180416,'Montana Tech of the University of Montana',44236.75,7242,1109,0.7567,white,52100
180461,'Montana State University',53207.14,8470,1126,0.8424,white,48900
180489,'The University of Montana',50573.68,7405,1072,0.7923,white,43300
180522,'Montana State University-Northern',43741.63,5594,910,0.7586,white,40400
180595,'Rocky Mountain College',51454.11,6298,1021,0.7718,white,47100
180832,'Clarkson College',61065.74,5808,1090,0.753,white,52900
180878,'Bryan College of Health Sciences',58151.07,6741,1105,0.9033,white,53500
180984,'Concordia University-Nebraska',60450.28,6436,1070,0.7745,white,44100
181002,'Creighton University',68443.5,9302,1213,0.7033,white,70100
181020,'Doane University-Arts & Sciences',57123.16,6087,1088,0.8136,white,48200
181093,'Grace University',60446.7,4727,981,0.7051,white,34800
181127,'Hastings College',58174.49,4488,1058,0.8131,white,47500
181215,'University of Nebraska at Kearney',51335.53,7315,1028,0.7879,white,45800
181297,'Nebraska Methodist College of Nursing & Allied Health',66507.51,5622,1050,0.861,white,50600
181330,'Midland University',56723.06,6204,1003,0.3166,white,44400
181394,'University of Nebraska at Omaha',66043.01,8204,1050,0.6736,white,49300
181446,'Nebraska Wesleyan University',59199.51,6340,1105,0.8305,white,52500
181464,'University of Nebraska-Lincoln',60976.73,10301,1144,0.7597,white,52700
181853,'York College',57118.86,5240,934,0.5525,white,39000
182281,'University of Nevada-Las Vegas',70070.97,10201,1012,0.3329,white,49600
182290,'University of Nevada-Reno',68050.29,9795,1088,0.5901,white,56300
182458,'Sierra Nevada College',71252.07,6663,950,0.7636,white,46600
182670,'Dartmouth College',79834.73,15009,1441,0.4979,white,110200
182795,'Franklin Pierce University',72941.72,5523,957,0.7322,white,45000
183044,'University of New Hampshire-Main Campus',77484.55,11483,1101,0.814,white,57700
183062,'Keene State College',75913.18,9346,977,0.865,white,45800
183071,'University of New Hampshire at Manchester',77484.55,9559,1101,0.7275,white,57700
183239,'Saint Anselm College',81185.61,8554,1142,0.8805,white,63200
183822,'Bloomfield College',62332.64,8351,861,0.0933,black,42700
183910,'Caldwell University',80563.66,8104,962,0.3768,white,48700
183974,'Centenary University',87083.61,7107,927,0.5698,white,49700
184603,'Fairleigh Dickinson University-Metropolitan Campus',80740.5,8983,965,0.2339,white,54400
184612,'Felician University',74826.3,6551,898,0.2941,white,52800
184694,'Fairleigh Dickinson University-Florham Campus',80740.5,9456,1030,0.5634,white,54400
184773,'Georgian Court University',78770.86,8233,946,0.6111,white,43600
184782,'Rowan University',76692.58,9197,1125,0.6753,white,55400
185129,'New Jersey City University',58259.31,9981,875,0.2251,white,46000
185262,'Kean University',76062.13,8820,921,0.3474,white,48400
185572,'Monmouth University',87615.47,8689,1032,0.7203,white,55900
185828,'New Jersey Institute of Technology',75892.84,11769,1204,0.3417,white,70300
186131,'Princeton University',81428.25,17132,1493,0.4362,white,116300
186201,'Ramapo College of New Jersey',88597.61,9747,1082,0.6421,white,56300
186283,'Rider University',85423.56,11143,1012,0.6057,white,54100
186371,'Rutgers University-Camden',82669.68,10939,1005,0.5272,white,68100
186380,'Rutgers University-New Brunswick',82669.68,11662,1230,0.4014,white,68100
186399,'Rutgers University-Newark',82669.68,13286,1005,0.2373,white,68100
186584,'Seton Hall University',79591.86,9397,1156,0.4972,white,63700
186618,'College of Saint Elizabeth',82332.62,7088,828,0.2708,black,49200
186867,'Stevens Institute of Technology',83951.71,12620,1360,0.6668,white,91900
186876,'Stockton University',73199.66,9069,1052,0.6999,white,50700
187134,'The College of New Jersey',86752.57,9667,1211,0.6635,white,64900
187444,'William Paterson University of New Jersey',80256.1,10289,985,0.4155,white,49100
187648,'Eastern New Mexico University-Main Campus',42974.58,6835,944,0.4421,white,34800
187912,'New Mexico Military Institute',57975.77,5945,926,0.3033,white,48200
187967,'New Mexico Institute of Mining and Technology',52104.89,8199,1195,0.5144,white,58500
187985,'University of New Mexico-Main Campus',49538.77,8917,1038,0.3408,white,43900
188030,'New Mexico State University-Main Campus',43867.23,8541,982,0.2797,white,40300
188182,'University of the Southwest',45234.87,3186,863,0.1623,white,41000
188429,'Adelphi University',80864.95,12137,1114,0.5223,white,63000
188526,'Albany College of Pharmacy and Health Sciences',60872.01,8236,1141,0.6537,white,114200
188641,'Alfred University',63665.1,6371,1038,0.6597,white,47300
189097,'Barnard College',75897.42,12981,1375,0.5216,white,69700
189705,'Canisius College',61812.51,7697,1103,0.7283,white,51100
189848,'Cazenovia College',59343.88,7039,976,0.669,white,38800
190044,'Clarkson University',62331.73,10515,1190,0.8275,white,74200
190099,'Colgate University',81701.81,11565,1388,0.659,white,81100
190150,'Columbia University in the City of New York',76971.15,18089,1496,0.3724,white,115600
190248,'Concordia College-New York',76194.22,6025,933,0.3209,white,53100
190415,'Cornell University',80346.48,14492,1436,0.3955,white,101200
190512,'CUNY Bernard M Baruch College',53216.18,11933,1240,0.2096,white,63600
190549,'CUNY Brooklyn College',49392.3,10251,1105,0.3108,white,48800
190567,'CUNY City College',48071.31,11063,1120,0.1422,black,50900
190594,'CUNY Hunter College',55390.45,10729,1160,0.2476,white,51800
190600,'CUNY John Jay College of Criminal Justice',51361.88,10087,980,0.1666,black,50000
190637,'CUNY Lehman College',41652.24,9789,995,0.0581,black,47500
190664,'CUNY Queens College',63917.39,10157,1090,0.2728,white,52900
190691,'CUNY York College',55168.11,9505,885,0.0584,black,45300
190761,'Dominican College of Blauvelt',77440.46,8168,890,0.3498,white,52500
191241,'Fordham University',77653.15,13473,1281,0.5891,white,67000
191515,'Hamilton College',78373.41,11186,1402,0.639,white,74300
191533,'Hartwick College',69362,8159,1004,0.6512,white,49500
191630,'Hobart William Smith Colleges',75518.89,9668,1260,0.7251,white,62700
191649,'Hofstra University',86369.03,13157,1177,0.5646,white,59900
191676,'Houghton College',59922.67,5956,1109,0.7338,white,42400
191931,'Iona College',78814.8,9406,1005,0.5564,white,60900
192192,'Keuka College',56096.14,6537,953,0.7538,white,46700
192271,'LIM College',78436.88,5998,938,0.535,white,48900
192323,'Le Moyne College',60497.51,9009,1119,0.7898,white,55600
192448,'LIU Post',69416.15,11236,1072,0.4669,white,58400
192703,'Manhattan College',83053.51,10613,1120,0.5716,white,70800
192864,'Marymount Manhattan College',77729.18,8399,1072,0.5831,white,45500
192925,'Medaille College',56197.77,5455,906,0.6537,white,44200
193292,'Molloy College',87964.15,10599,1079,0.591,white,64100
193353,'Mount Saint Mary College',74923.28,8352,991,0.6349,white,51700
193399,'College of Mount Saint Vincent',63240.6,8341,886,0.2543,white,61000
193645,'The College of New Rochelle',41804.07,6659,937,0.0739,black,38400
193654,'The New School',75464.08,10889,1158,0.3297,white,55200
193900,'New York University',82106.43,13264,1371,0.3239,white,78600
193973,'Niagara University',60954.17,8536,1042,0.7172,white,45300
194091,'New York Institute of Technology',72244.37,11504,1077,0.2304,white,68100
194161,'Nyack College',61585.03,6778,920,0.1987,black,46700
194310,'Pace University-New York',74848.68,8810,1064,0.506,white,66800
194578,'Pratt Institute-Main',75295.69,10412,1183,0.4055,white,48900
194824,'Rensselaer Polytechnic Institute',74851.88,12436,1365,0.5674,white,86000
194958,'Roberts Wesleyan College',60753.22,6391,1057,0.7283,white,45700
195003,'Rochester Institute of Technology',69175.72,10084,1254,0.667,white,67800
195164,'St Bonaventure University',64352.24,5708,1061,0.6894,white,52700
195173,'St Francis College',53129.58,9176,937,0.4002,white,50300
195243,'St. Thomas Aquinas College',86845.1,8946,941,0.5035,white,50500
195304,'Sarah Lawrence College',76763,10059,1291,0.5171,white,48000
195526,'Skidmore College',78806.42,9543,1240,0.6396,white,57000
195720,'Saint John Fisher College',63735.93,8997,1078,0.8431,white,52500
196006,'SUNY College of Technology at Alfred',55015.93,5873,960,0.7311,white,45500
196015,'SUNY College of Technology at Canton',48556.69,6176,918,0.6665,white,39600
196033,'SUNY College of Agriculture and Technology at Cobleskill',60485.06,6605,1011,0.7028,white,39500
196042,'Farmingdale State College',86057.23,8155,974,0.5903,white,55800
196051,'Morrisville State College',55475.93,5983,881,0.6705,white,38400
196060,'SUNY at Albany',70013.16,9200,1087,0.4699,white,57600
196079,'Binghamton University',71392.67,9351,1317,0.5661,white,68100
196088,'University at Buffalo',63949.26,10248,1181,0.4778,white,62100
196097,'Stony Brook University',76205.23,11093,1268,0.3503,white,62600
196103,'SUNY College of Environmental Science and Forestry',63414.84,8409,1157,0.8013,white,49800
196112,'SUNY Polytechnic Institute',53376.47,9435,1170,0.7753,white,55900
196121,'SUNY College at Brockport',61824.2,7340,1029,0.7068,white,45500
196130,'SUNY Buffalo State',55484,7729,885,0.4725,white,42200
196149,'SUNY Cortland',68027.03,6505,1073,0.7258,white,49200
196158,'SUNY at Fredonia',60720.74,6937,1034,0.7679,white,44700
196167,'SUNY College at Geneseo',69095.17,7348,1206,0.7527,white,53400
196176,'State University of New York at New Paltz',72171.58,6934,1115,0.6269,white,48700
196185,'SUNY Oneonta',67183.32,6597,1082,0.7665,white,46700
196194,'SUNY College at Oswego',60525.69,6804,1102,0.7239,white,47100
196219,'SUNY at Purchase College',76919.71,7221,1077,0.5265,white,41300
196237,'SUNY College at Old Westbury',73417.13,8363,972,0.3069,white,47500
196246,'SUNY College at Plattsburgh',61507.99,6970,1094,0.6652,white,46200
196291,'SUNY Maritime College',80060.6,7097,1128,0.7097,white,86200
196413,'Syracuse University',75289.41,11329,1204,0.5634,white,69200
197027,'United States Merchant Marine Academy',76831.57,9931,1268,0.7423,white,98600
197133,'Vassar College',80899.18,11572,1409,0.5808,white,61500
197151,'School of Visual Arts',78955.6,4806,1084,0.2604,white,47800
197230,'Wells College',61992.22,6682,1005,0.6252,white,39200
197708,'Yeshiva University',78671.25,11734,1217,0.9511,white,78800
197869,'Appalachian State University',61267.04,8263,1140,0.8401,white,43600
197911,'Barton College',54814.93,5930,948,0.5373,white,39400
197984,'Belmont Abbey College',63374.1,4690,987,0.552,white,44400
198109,'Cabarrus College of Health Sciences',60990.75,6633,979,0.819,white,49900
198136,'Campbell University',56906.03,8815,1027,0.555,white,58000
198215,'Catawba College',60564.51,6639,980,0.6708,white,42700
198303,'Chowan University',53634.23,6693,789,0.1659,black,36200
198385,'Davidson College',76036.21,11820,1353,0.6739,white,71100
198419,'Duke University',78468.48,15054,1460,0.4557,white,114500
198464,'East Carolina University',57608.05,8590,1040,0.6764,white,45800
198507,'Elizabeth City State University',47337.89,7656,884,0.1643,black,32200
198516,'Elon University',81102.4,9006,1206,0.8059,white,58700
198543,'Fayetteville State University',49808.38,8537,888,0.1863,black,34600
198561,'Gardner-Webb University',54757.84,6881,987,0.6568,white,41600
198598,'Greensboro College',63893.94,5866,926,0.5512,white,41000
198695,'High Point University',63207.13,7275,1094,0.78,white,42900
198747,'John Wesley University',56922,4317,963,0.4634,white,40300
198756,'Johnson C Smith University',57295.75,6249,826,0.006,black,31400
198835,'Lenoir-Rhyne University',58700.84,7112,980,0.6818,white,43600
198862,'Livingstone College',55022.91,5041,730,0.0067,black,26100
198871,'Louisburg College',57472.96,4560,798,0.2394,black,30000
198899,'Mars Hill University',56558.51,5114,935,0.6572,white,33800
198950,'Meredith College',66301.42,7026,1054,0.7109,white,43500
198969,'Methodist University',58239.21,7238,955,0.4485,white,43700
199032,'Montreat College',61225.9,4977,960,0.6418,white,42500
199069,'University of Mount Olive',51727.18,6186,1005,0.5075,white,43700
199102,'North Carolina A & T State University',56398.61,8619,939,0.0491,black,39300
199111,'University of North Carolina at Asheville',56376.64,8267,1155,0.7848,white,38800
199120,'University of North Carolina at Chapel Hill',66893.88,12349,1338,0.6294,white,68800
199139,'University of North Carolina at Charlotte',65762.02,9092,1112,0.5896,white,50300
199148,'University of North Carolina at Greensboro',60658.11,8384,1054,0.5103,white,40900
199157,'North Carolina Central University',57501.19,8027,873,0.0663,black,35300
199184,'University of North Carolina School of the Arts',68862.71,7335,1139,0.7336,white,46700
199193,'North Carolina State University at Raleigh',64180.75,10655,1273,0.7257,white,59500
199209,'North Carolina Wesleyan College',57249.1,5882,919,0.3244,black,41900
199218,'University of North Carolina Wilmington',62176.12,8391,1137,0.7787,white,46600
199272,'William Peace University',63605.3,5603,907,0.4555,white,36900
199281,'University of North Carolina at Pembroke',49520.51,7077,927,0.3666,white,36400
199306,'Pfeiffer University',62403.22,6518,922,0.5726,white,45000
199412,'Queens University of Charlotte',69597.25,7177,1061,0.5658,white,49400
199458,'Mid-Atlantic Christian University',56960.2,5492,924,0.6943,white,33000
199607,'Salem College',59058,5883,1104,0.5554,white,37400
199698,'St. Andrews University',64861.88,5187,906,0.4143,white,40100
199962,'Wingate University',65044.99,7545,1042,0.6315,white,55700
199999,'Winston-Salem State University',54716.68,8190,870,0.1394,black,37200
200004,'Western Carolina University',56230.92,7773,1034,0.7893,white,41300
200059,'Dickinson State University',46555.21,6999,1116,0.7554,white,49300
200156,'University of Jamestown',51493.83,6445,1043,0.7371,white,49600
200217,'University of Mary',50623.12,5993,1067,0.8214,white,53000
200226,'Mayville State University',51474.96,5789,950,0.7199,white,43300
200253,'Minot State University',47057.03,6143,975,0.6563,white,46900
200280,'University of North Dakota',56722.24,8735,1090,0.8119,white,57800
200332,'North Dakota State University-Main Campus',55831.54,9109,1091,0.8642,white,55500
200484,'Trinity Bible College and Graduate School',50788.22,3811,917,0.7196,white,31700
200572,'Valley City State University',48927.68,5907,985,0.8225,white,41700
200800,'University of Akron Main Campus',58778.75,9403,1049,0.7462,white,41800
201061,'Art Academy of Cincinnati',69050.69,5547,970,0.7413,white,30100
201104,'Ashland University',64491.65,6901,1051,0.7614,white,42900
201177,'Aultman College of Nursing and Health Sciences',56996.46,6079,990,0.876,white,57900
201371,'Bluffton University',59827.57,6097,1010,0.8251,white,41700
201441,'Bowling Green State University-Main Campus',63749.73,8544,1012,0.7733,white,45300
201548,'Capital University',64246.32,8494,1135,0.7481,white,48400
201645,'Case Western Reserve University',69873.4,10921,1408,0.5026,white,89300
201654,'Cedarville University',67472.37,7209,1188,0.8711,white,46800
201690,'Central State University',48898.06,6509,801,0.0123,black,28600
201821,'The Christ College of Nursing and Health Sciences',61986.6,6904,1009,0.7899,white,56100
201858,'Cincinnati Christian University',61572.26,5327,945,0.6549,white,36800
201885,'University of Cincinnati-Main Campus',64722.83,9600,1164,0.746,white,49700
202046,'Cleveland Institute of Art',66493.97,5965,1086,0.6917,white,41600
202134,'Cleveland State University',57782.89,9248,1029,0.6339,white,46400
202480,'University of Dayton',75690.27,8487,1185,0.793,white,61400
202514,'Defiance College',61079.24,5663,960,0.7728,white,46500
202523,'Denison University',76349.35,8800,1318,0.6568,white,57600
202763,'The University of Findlay',61890.4,7262,1047,0.8094,white,49100
202912,'Good Samaritan College of Nursing and Health Science',64113.85,7701,990,0.8586,white,50700
203085,'Heidelberg University',61648.4,6248,1023,0.7774,white,45700
203128,'Hiram College',63946.73,6181,1017,0.6509,white,46900
203368,'John Carroll University',68368.11,8868,1116,0.8451,white,61100
203517,'Kent State University at Kent',59479.84,8800,1067,0.7481,white,42400
203535,'Kenyon College',77995.25,8659,1359,0.7299,white,54500
203580,'Lake Erie College',63624.4,6681,946,0.728,white,40600
203757,'Lourdes University',59351.8,5367,989,0.702,white,41300
203775,'Malone University',58701.03,6350,1017,0.8029,white,48100
203845,'Marietta College',58715.65,6565,1090,0.6691,white,57700
204024,'Miami University-Oxford',72182.76,9089,1276,0.7482,white,55400
204176,'Mount Carmel College of Nursing',68565.22,6457,990,0.8596,white,58100
204185,'University of Mount Union',61044.98,7868,1056,0.7933,white,48600
204194,'Mount Vernon Nazarene University',60597.42,6172,1050,0.8512,white,50000
204200,'Mount Saint Joseph University',64120.45,6321,1011,0.7912,white,44600
204264,'Muskingum University',57566.05,9172,1009,0.7904,white,43500
204468,'Notre Dame College',60228.48,5379,942,0.5835,white,43900
204501,'Oberlin College',76190.1,10956,1364,0.6611,white,45500
204617,'Ohio Dominican University',65362.52,7228,1004,0.58,white,47100
204635,'Ohio Northern University',63536.16,8668,1160,0.7993,white,72600
204796,'Ohio State University-Main Campus',65208.79,12010,1296,0.6947,white,53600
204857,'Ohio University-Main Campus',59563.35,9088,1091,0.8353,white,45800
204936,'Otterbein University',67882,7406,1106,0.7813,white,46900
205443,'Shawnee State University',43961.17,6663,990,0.8575,white,37500
205957,'Franciscan University of Steubenville',66586.04,7483,1157,0.817,white,42700
206084,'University of Toledo',60626.38,8637,1070,0.6891,white,52800
206330,'Urbana University',58418.76,5419,908,0.5304,white,40400
206349,'Ursuline College',60856.87,5899,1008,0.5807,white,50400
206437,'Walsh University',58552.19,6177,1024,0.7436,white,48300
206491,'Wilberforce University',51716.09,4860,827,0.012,black,38400
206507,'Wilmington College',60793.02,5898,964,0.7798,white,41900
206589,'The College of Wooster',69911.54,8281,1219,0.6742,white,53000
206604,'Wright State University-Main Campus',61970.64,8953,1016,0.734,white,46100
206613,'Wright State University-Lake Campus',61970.64,9296,1005,0.9171,white,46100
206622,'Xavier University',68472.8,8597,1146,0.7213,white,58200
206695,'Youngstown State University',51307.51,8171,1003,0.7608,white,40200
206817,'Bacone College',44521.89,4377,826,0.1646,black,37000
206835,'Oklahoma Wesleyan University',51169.37,5280,969,0.6286,white,53500
206941,'University of Central Oklahoma',54764.86,6680,1010,0.568,white,44900
207041,'East Central University',40365.08,5476,948,0.5476,white,42200
207157,'Randall University',51563.32,3787,926,0.4737,white,38700
207263,'Northeastern State University',45641.51,6568,1010,0.4864,white,41000
207306,'Northwestern Oklahoma State University',45171.33,5612,970,0.6109,white,41700
207324,'Oklahoma Christian University',63431.55,5827,1113,0.7345,white,43300
207388,'Oklahoma State University-Main Campus',55237.91,9073,1101,0.685,white,55300
207403,'Oklahoma Baptist University',59289.35,6705,1065,0.6908,white,45000
207458,'Oklahoma City University',59190.63,7242,1150,0.5937,white,51100
207500,'University of Oklahoma-Norman Campus',59522.71,9449,1189,0.6128,white,61900
207582,'Oral Roberts University',63453.08,7378,1010,0.4907,white,43100
207722,'University of Science and Arts of Oklahoma',46710.02,5861,994,0.5881,white,36400
207847,'Southeastern Oklahoma State University',41386.98,7120,970,0.537,white,41000
207856,'Southwestern Christian University',50467,4681,904,0.4623,white,32300
207865,'Southwestern Oklahoma State University',44610.73,6861,990,0.6444,white,48200
207971,'University of Tulsa',62928.78,10750,1308,0.5662,white,60500
208488,'Concordia University-Portland',63433.53,6028,987,0.6056,white,49100
208646,'Eastern Oregon University',52895.14,6417,940,0.7453,white,44100
208822,'George Fox University',65616.22,7563,1089,0.6872,white,51000
209056,'Lewis & Clark College',69786.29,9885,1290,0.6586,white,55000
209065,'Linfield College-McMinnville Campus',64098.01,7259,1033,0.5983,white,60300
209409,'Northwest Christian University',52696.79,5600,971,0.746,white,45700
209506,'Oregon Institute of Technology',52974.7,7270,1050,0.7083,white,57800
209542,'Oregon State University',60312.67,9322,1127,0.6538,white,56700
209551,'University of Oregon',62294.9,10017,1111,0.5888,white,51300
209612,'Pacific University',64591.02,7934,1122,0.5206,white,51400
209807,'Portland State University',62889.32,8730,1037,0.576,white,50800
209825,'University of Portland',67900.72,8005,1190,0.5925,white,62500
209922,'Reed College',71777.6,10514,1380,0.5945,white,52700
210146,'Southern Oregon University',54749.32,7622,1020,0.5898,white,43400
210331,'Corban University',61069.68,5806,1063,0.7662,white,40200
210429,'Western Oregon University',59410.15,6148,953,0.6345,white,43400
210739,'DeSales University',69394.59,7211,1072,0.7304,white,54700
210775,'Alvernia University',60334.44,7018,986,0.7025,white,47300
211088,'Arcadia University',72830.78,8018,1120,0.6654,white,48000
211158,'Bloomsburg University of Pennsylvania',60832.56,9191,970,0.7909,white,48100
211273,'Bryn Mawr College',78969.24,10556,1337,0.3603,white,61000
211291,'Bucknell University',84046.3,10930,1312,0.7547,white,82400
211352,'Cabrini University',77292.03,7031,970,0.5902,white,49600
211361,'California University of Pennsylvania',51671.91,9973,918,0.7687,white,44800
211431,'Carlow University',52873.76,6805,982,0.6396,white,44200
211440,'Carnegie Mellon University',81652.61,11660,1458,0.2931,white,103000
211468,'Cedar Crest College',66384.94,7243,989,0.5841,white,48700
211477,'Central Penn College',56698.35,5223,778,0.5918,white,37700
211583,'Chestnut Hill College',61319.18,5468,951,0.4031,white,46800
211644,'Clarion University of Pennsylvania',50901.08,9680,942,0.8389,white,40600
211981,'Delaware Valley University',74767.83,7733,990,0.7451,white,44700
212054,'Drexel University',74533.27,10929,1204,0.5294,white,78000
212106,'Duquesne University',61274.66,9007,1165,0.8046,white,68200
212115,'East Stroudsburg University of Pennsylvania',69357.81,9120,953,0.6429,white,47200
212133,'Eastern University',68457.57,6344,1029,0.4866,white,48100
212160,'Edinboro University of Pennsylvania',52799.06,9470,945,0.8087,white,38100
212197,'Elizabethtown College',70213.56,8652,1088,0.8476,white,55000
212601,'Gannon University',54310.26,7594,1041,0.7424,white,55100
212656,'Geneva College',55668.91,6575,1082,0.8252,white,43300
212832,'Gwynedd Mercy University',72929.99,6785,934,0.4985,white,56500
212911,'Haverford College',79754.75,10227,1431,0.5884,white,75100
212984,'Holy Family University',61868.46,7118,930,0.6157,white,54300
213011,'Immaculata University',74355.43,4976,970,0.7286,white,54700
213020,'Indiana University of Pennsylvania-Main Campus',54158.04,9636,946,0.7422,white,44200
213303,'Keystone College',51740.58,6500,878,0.7338,white,36800
213349,'Kutztown University of Pennsylvania',67783.54,9103,975,0.7759,white,43900
213358,'La Roche College',61014.96,7025,922,0.6057,white,42800
213367,'La Salle University',67401.72,9352,986,0.5136,white,61100
213385,'Lafayette College',85923.51,11666,1297,0.6561,white,80500
213400,'Lancaster Bible College',64787.49,5700,1015,0.6107,white,37900
213507,'Lebanon Valley College',66307.38,7770,1101,0.8284,white,48500
213543,'Lehigh University',88627.42,13020,1340,0.6499,white,94100
213598,'Lincoln University',51404.66,8542,835,0.0121,black,36200
213613,'Lock Haven University',55815.84,10063,946,0.837,white,43400
213668,'Lycoming College',64312.9,7436,1035,0.6659,white,49400
213774,'Manor College',60787.72,5937,780,0.4143,white,41300
213783,'Mansfield University of Pennsylvania',51271.33,9661,965,0.8138,white,41300
213826,'Marywood University',58125.99,7877,1030,0.7859,white,43200
213996,'Messiah College',71914.01,8471,1150,0.8141,white,50500
214041,'Millersville University of Pennsylvania',65479.69,9813,1030,0.7567,white,46000
214069,'Misericordia University',56588.57,7349,1060,0.8831,white,54400
214157,'Moravian College',76394.18,7674,1021,0.684,white,55100
214166,'Mount Aloysius College',45385.58,6585,946,0.7603,white,43200
214175,'Muhlenberg College',89504.61,8709,1241,0.7549,white,65300
214272,'Neumann University',69149.16,6801,888,0.5342,white,47200
214591,'Pennsylvania State University-Penn State Erie-Behrend College',63381.69,8947,1092,0.7799,white,57200
214625,'Pennsylvania State University-Penn State New Kensington',63381.69,8311,1026,0.8534,white,57200
214634,'Pennsylvania State University-Penn State Shenango',63381.69,7113,961,0.8541,white,57200
214643,'Pennsylvania State University-Penn State Wilkes-Barre',63381.69,7654,991,0.8417,white,57200
214652,'Pennsylvania State University-Penn State Worthington Scranton',63381.69,8107,950,0.8025,white,57200
214670,'Pennsylvania State University-Penn State Lehigh Valley',63381.69,7043,1051,0.6077,white,57200
214689,'Pennsylvania State University-Penn State Altoona',63381.69,7760,1008,0.7505,white,57200
214698,'Pennsylvania State University-Penn State Beaver',63381.69,8059,1030,0.7668,white,57200
214704,'Pennsylvania State University-Penn State Berks',63381.69,8382,992,0.665,white,57200
214713,'Pennsylvania State University-Penn State Harrisburg',63381.69,9562,1077,0.5432,white,57200
214731,'Pennsylvania State University-Penn State Brandywine',63381.69,8234,974,0.6028,white,57200
214740,'Pennsylvania State University-Penn State DuBois',63381.69,7492,1000,0.935,white,57200
214759,'Pennsylvania State University-Penn State Fayette- Eberly',63381.69,7822,961,0.8596,white,57200
214768,'Pennsylvania State University-Penn State Hazleton',63381.69,8457,1024,0.6164,white,57200
214777,'Pennsylvania State University-Main Campus',63381.69,11195,1202,0.6735,white,57200
214786,'Pennsylvania State University-Penn State Greater Allegheny',63381.69,8152,989,0.6019,white,57200
214795,'Pennsylvania State University-Penn State Mont Alto',63381.69,7900,986,0.7806,white,57200
214801,'Pennsylvania State University-Penn State Abington',63381.69,8192,1009,0.4787,white,57200
214810,'Pennsylvania State University-Penn State Schuylkill',63381.69,8390,934,0.6874,white,57200
214829,'Pennsylvania State University-Penn State York',63381.69,8483,1057,0.5916,white,57200
215062,'University of Pennsylvania',78252,16796,1481,0.4479,white,131600
215099,'Jefferson (Philadelphia University + Thomas Jefferson University)',73972.42,8270,1052,0.5477,white,54800
215105,'The University of the Arts',75947.63,6903,1033,0.6119,white,39100
215114,'Cairn University-Langhorne',69912.01,5610,1027,0.7103,white,38700
215132,'University of the Sciences',72732.06,8417,1165,0.4201,white,92400
215266,'University of Pittsburgh-Bradford',58452.18,7392,982,0.6843,white,61200
215275,'University of Pittsburgh-Greensburg',58452.18,6873,1024,0.7594,white,61200
215284,'University of Pittsburgh-Johnstown',58452.18,7053,1027,0.8481,white,61200
215293,'University of Pittsburgh-Pittsburgh Campus',58452.18,10479,1298,0.7258,white,61200
215309,'University of Pittsburgh-Titusville',58452.18,5982,891,0.6738,white,61200
215442,'Point Park University',54201.1,7383,1014,0.7169,white,42400
215655,'Robert Morris University',59274.33,11274,1050,0.7271,white,53100
215691,'Rosemont College',57790.62,5114,899,0.3831,black,46700
215743,'Saint Francis University',55181.27,7667,1069,0.8283,white,57400
215798,'Saint Vincent College',54143.22,7433,1055,0.8502,white,52100
215929,'University of Scranton',73943.5,9929,1137,0.8057,white,62300
216010,'Shippensburg University of Pennsylvania',63560.54,10279,970,0.7667,white,48200
216038,'Slippery Rock University of Pennsylvania',54113.09,9526,998,0.8582,white,44800
216287,'Swarthmore College',78121.47,12642,1421,0.4227,white,70000
216357,'Thiel College',54604.75,6283,927,0.7544,white,41700
216551,'Valley Forge Military College',75660.87,5007,900,0.4056,black,51400
216597,'Villanova University',90091.77,10908,1350,0.7504,white,87600
216694,'Waynesburg University',52961.26,6808,984,0.9072,white,51200
216764,'West Chester University of Pennsylvania',74655.83,9441,1061,0.7645,white,51200
216852,'Widener University',69397.52,8180,1040,0.7031,white,59100
216931,'Wilkes University',56456.55,8911,1022,0.7246,white,58600
217013,'Wilson College',58672.07,6769,936,0.6843,white,34000
217059,'York College of Pennsylvania',73378.65,8972,1042,0.8168,white,52200
217156,'Brown University',79027.35,14777,1459,0.434,white,89100
217402,'Providence College',83293.65,9850,1145,0.766,white,73400
217420,'Rhode Island College',61569.63,7957,903,0.6112,white,43900
217484,'University of Rhode Island',72503.8,10205,1081,0.7207,white,58400
217493,'Rhode Island School of Design',80568.35,7963,1214,0.3217,white,56400
217688,'Charleston Southern University',57179.15,5591,1021,0.6172,white,40600
217819,'College of Charleston',66962.7,8572,1111,0.7903,white,48700
217864,'Citadel Military College of South Carolina',66736.53,8572,1052,0.7601,white,59600
217873,'Claflin University',45792.28,6767,900,0.0147,black,30700
217882,'Clemson University',64586.36,9887,1269,0.831,white,58900
217907,'Coker College',49143.33,5805,959,0.5646,white,37100
217925,'Columbia International University',64434.93,4563,1067,0.7332,white,31400
217934,'Columbia College',56463.66,6340,972,0.553,white,36200
217961,'Converse College',57113.24,6419,1048,0.6713,white,34800
217998,'Erskine College',57374.47,4784,1028,0.5328,white,41500
218061,'Francis Marion University',49042.79,7525,927,0.4744,white,36900
218229,'Lander University',52256.85,6227,964,0.5941,white,38100
218238,'Limestone College',53494.1,5088,1004,0.442,black,41600
218414,'Newberry College',57421.47,5460,943,0.5644,white,37600
218441,'North Greenville University',55701.04,5851,1119,0.7909,white,36200
218539,'Presbyterian College',62666.83,7729,1118,0.7642,white,50800
218645,'University of South Carolina-Aiken',53123.12,6936,986,0.5801,white,40800
218654,'University of South Carolina-Beaufort',60345.78,7119,980,0.5803,white,40400
218663,'University of South Carolina-Columbia',62188.24,10612,1228,0.7698,white,53900
218672,'University of South Carolina-Lancaster',48078.93,6083,866,0.6398,white,53900
218681,'University of South Carolina-Salkehatchie',39553.26,5566,782,0.5556,white,29200
218690,'University of South Carolina-Sumter',46546.46,6144,913,0.5316,white,39400
218706,'University of South Carolina-Union',43004.06,6115,764,0.6508,white,35400
218724,'Coastal Carolina University',64299.08,7797,1030,0.6719,white,44500
218733,'South Carolina State University',48129.81,7164,766,0.0232,black,32500
218742,'University of South Carolina-Upstate',54689.19,6547,964,0.5495,white,41300
218821,'Spartanburg Methodist College',53658.08,5726,865,0.5639,white,35000
218964,'Winthrop University',58378.35,7608,1039,0.5772,white,39800
218973,'Wofford College',61134.14,8105,1185,0.803,white,59800
219000,'Augustana University',60196.68,6729,1174,0.8351,white,49500
219046,'Black Hills State University',49477.45,7118,1009,0.8159,white,40500
219082,'Dakota State University',52093.19,7377,1029,0.8321,white,43100
219091,'Dakota Wesleyan University',47601.81,5717,1005,0.8924,white,40900
219198,'Mount Marty College',49528.49,6259,990,0.8136,white,39400
219259,'Northern State University',48289.97,7136,969,0.812,white,37300
219295,'Presentation College',47349.48,5095,944,0.686,white,38100
219347,'South Dakota School of Mines and Technology',52423.4,9422,1201,0.8372,white,62400
219356,'South Dakota State University',53049.11,8173,1069,0.872,white,50200
219383,'University of Sioux Falls',57493.05,6373,1050,0.8699,white,44800
219471,'University of South Dakota',53799.09,7940,1050,0.8378,white,49500
219602,'Austin Peay State University',52472.51,7337,1010,0.6125,white,38800
219639,'Baptist Memorial College of Health Sciences',61604.19,6797,1065,0.4981,white,56000
219709,'Belmont University',70368.62,9438,1185,0.8022,white,51500
219790,'Bryan College-Dayton',56756.79,5241,1099,0.8112,white,44500
219806,'Carson-Newman University',53143.24,5656,1058,0.8238,white,41300
219833,'Christian Brothers University',61225.91,6625,1125,0.4076,white,50000
219949,'Cumberland University',59163.95,5149,988,0.5953,white,43000
219976,'Lipscomb University',66979.13,7455,1142,0.7604,white,51500
220075,'East Tennessee State University',47640.99,6940,1069,0.8211,white,40600
220181,'Fisk University',55965.03,5696,926,0.0055,black,36300
220215,'Freed-Hardeman University',53404.21,6751,1098,0.8026,white,41100
220312,'Hiwassee College',48143.59,4255,891,0.735,white,32700
220464,'John A Gupton College',49308.49,5035,790,0.7907,white,39400
220473,'Johnson University',60434.23,5419,1025,0.8705,white,31700
220598,'Lane College',47796.63,5219,740,0.0042,black,27500
220604,'Le Moyne-Owen College',43059.02,4719,760,0,black,30200
220613,'Lee University',59528.63,6167,1107,0.8008,white,37800
220631,'Lincoln Memorial University',43510.38,6259,1008,0.8502,white,41600
220710,'Maryville College',57523.24,6457,1087,0.7511,white,44000
220808,'Memphis College of Art',60136.29,4414,957,0.543,white,28300
220862,'University of Memphis',58823.6,8557,1011,0.4893,white,43200
220978,'Middle Tennessee State University',60340.43,7059,1030,0.6368,white,44400
221351,'Rhodes College',73395.81,8307,1291,0.7212,white,64800
221397,'Roane State Community College',44967.61,6029,930,0.8653,white,32600
221731,'Tennessee Wesleyan University',48462.92,4992,1019,0.5005,white,43700
221740,'The University of Tennessee-Chattanooga',55964.16,8052,1088,0.7663,white,42600
221759,'The University of Tennessee-Knoxville',60752.93,10764,1213,0.7862,white,56700
221768,'The University of Tennessee-Martin',48533.54,6974,1050,0.7717,white,40100
221847,'Tennessee Technological University',49227.15,7834,1103,0.8245,white,46700
221892,'Trevecca Nazarene University',59625.44,6648,1031,0.6139,white,49000
221953,'Tusculum College',49705.55,4057,962,0.7218,white,42500
221971,'Union University',58820.27,7574,1200,0.7067,white,49600
221999,'Vanderbilt University',76279.78,12747,1495,0.5152,white,86200
222178,'Abilene Christian University',67136.19,7733,1077,0.6416,white,48900
222831,'Angelo State University',49632.36,7121,979,0.5066,white,46300
222983,'Austin College',74623.54,7391,1195,0.5187,white,52800
223232,'Baylor University',73627.32,9468,1246,0.6397,white,58400
224004,'Concordia University Texas',72128.5,6803,984,0.4282,white,51300
224147,'Texas A & M University-Corpus Christi',54287.8,7938,953,0.3634,white,48600
224226,'Dallas Baptist University',71641.68,8178,1060,0.6018,white,49200
224244,'Dallas Christian College',69721.15,5213,886,0.4556,white,45500
224323,'University of Dallas',75912.69,7808,1184,0.6246,white,51400
224527,'East Texas Baptist University',56363.11,6702,954,0.6635,white,43600
224545,'Texas A&M University-Texarkana',44204.3,8389,1016,0.6194,white,39200
224554,'Texas A & M University-Commerce',57562.14,8058,973,0.4789,white,41900
225247,'Hardin-Simmons University',59593.97,6900,1019,0.6673,white,48300
225399,'Houston Baptist University',72476.33,6934,1057,0.2603,white,52300
225414,'University of Houston-Clear Lake',67975.01,9025,1017,0.4189,white,52900
225432,'University of Houston-Downtown',59551.33,7755,906,0.1569,black,49300
225511,'University of Houston',68874.27,11173,1152,0.2499,white,60600
225548,'Howard Payne University',55883.95,5610,950,0.5685,white,40500
225575,'Huston-Tillotson University',57117.25,5306,787,0.0477,black,34200
225627,'University of the Incarnate Word',59715.43,7994,893,0.1938,white,52500
226091,'Lamar University',53474.77,8009,960,0.4782,white,46000
226152,'Texas A & M International University',43910.56,9699,911,0.0209,white,46700
226231,'LeTourneau University',63985.71,6862,1150,0.616,white,56800
226383,'Lubbock Christian University',51468.15,6344,1034,0.6832,white,50500
226471,'University of Mary Hardin-Baylor',62566.96,7734,1051,0.5651,white,48700
226587,'McMurry University',52571.87,6094,938,0.4705,white,46400
226833,'Midwestern State University',57712.44,7659,973,0.5087,white,47000
227216,'University of North Texas',72891.36,10109,1090,0.4577,white,49300
227331,'Our Lady of the Lake University',52505.04,6978,929,0.1086,white,42500
227368,'The University of Texas Rio Grande Valley',35906.7,7337,950,0.0256,white,44200
227429,'Paul Quinn College',52585.23,5400,844,0.0117,black,29800
227526,'Prairie View A & M University',57579.55,7440,838,0.0236,black,40700
227757,'Rice University',77707.58,15378,1490,0.3661,white,91600
227881,'Sam Houston State University',63900.24,7627,986,0.513,white,49700
228042,'Schreiner University',58273.81,6490,998,0.4844,white,44300
228246,'Southern Methodist University',82038.46,12292,1330,0.6493,white,77900
228325,'Southwestern Assemblies of God University',59789.49,5481,980,0.5747,white,38700
228343,'Southwestern University',75446.44,7886,1165,0.6184,white,63400
228431,'Stephen F Austin State University',60702.32,7593,993,0.5727,white,46400
228459,'Texas State University',66830.13,8033,1033,0.4743,white,51100
228468,'Southwestern Adventist University',57388.77,6218,929,0.2053,white,47100
228501,'Sul Ross State University',40704.93,6167,855,0.2472,white,41400
228529,'Tarleton State University',55170.11,7689,959,0.6687,white,47700
228705,'Texas A & M University-Kingsville',45266.24,7280,952,0.1719,white,49300
228723,'Texas A & M University-College Station',67194.13,11051,1205,0.6319,white,67800
228769,'The University of Texas at Arlington',66876.51,9020,1070,0.384,white,54000
228778,'The University of Texas at Austin',72284.1,8889,1289,0.4237,white,73900
228787,'The University of Texas at Dallas',79361.13,12447,1262,0.3568,white,61400
228796,'The University of Texas at El Paso',46777.52,8857,927,0.0616,white,43300
228802,'The University of Texas at Tyler',53622.93,8256,1050,0.5849,white,50500
228875,'Texas Christian University',76266.48,10947,1223,0.7218,white,62600
228981,'Texas Lutheran University',65468.32,7070,973,0.5383,white,51100
229018,'The University of Texas of the Permian Basin',47475.29,7633,953,0.3558,white,52300
229027,'The University of Texas at San Antonio',63798.29,8823,1033,0.2428,white,49600
229063,'Texas Southern University',53781.71,7714,814,0.0297,black,37600
229115,'Texas Tech University',65284.89,8880,1117,0.5881,white,61600
229160,'Texas Wesleyan University',62890.39,7641,995,0.3067,white,44400
229267,'Trinity University',78650.29,10655,1282,0.5538,white,68000
229780,'Wayland Baptist University',52818.65,5134,908,0.402,white,47200
229814,'West Texas A & M University',51385.91,7469,977,0.6017,white,46700
230038,'Brigham Young University-Provo',64914.81,10526,1293,0.8262,white,71500
230047,'Brigham Young University-Hawaii',69190.39,9126,1096,0.3391,white,49100
230603,'Southern Utah University',55546.63,6632,1065,0.7636,white,45500
230728,'Utah State University',60534.36,8837,1087,0.8197,white,49600
230764,'University of Utah',69474.52,9560,1116,0.6967,white,63500
230834,'Castleton University',61392.97,6492,965,0.8342,white,40800
230852,'Champlain College',72226.81,8260,1134,0.6755,white,54400
230913,'Johnson State College',60809.44,7211,917,0.7977,white,35600
230931,'Lyndon State College',58494.41,6305,945,0.8145,white,35900
230959,'Middlebury College',77169.17,10947,1394,0.6446,white,71900
231086,'Southern Vermont College',60680.57,5332,876,0.5028,white,38900
231174,'University of Vermont',74257.05,9947,1216,0.8178,white,55200
231420,'Averett University',58009.31,5936,902,0.578,white,49000
231554,'Bluefield College',55033.82,5182,903,0.6254,white,46000
231581,'Bridgewater College',65460.25,6503,1022,0.6841,white,46600
231624,'College of William and Mary',83534.79,10752,1360,0.591,white,74500
231651,'Regent University',64029.38,7900,1032,0.5516,white,45600
231712,'Christopher Newport University',79798.8,8289,1158,0.747,white,52000
232025,'Emory & Henry College',53554.3,6816,1016,0.761,white,45000
232043,'Eastern Mennonite University',59648.45,5905,1049,0.717,white,44700
232089,'Ferrum College',59937.19,6087,865,0.4942,white,41100
232186,'George Mason University',95275.15,10535,1165,0.4291,white,63900
232256,'Hampden-Sydney College',68823.49,8081,1122,0.8403,white,59000
232265,'Hampton University',65714.12,6834,973,0.0129,black,50100
232308,'Hollins University',65801,6996,1146,0.6504,white,37900
232423,'James Madison University',81580.49,8421,1125,0.7537,white,63300
232557,'Liberty University',62401.61,4778,1094,0.4766,white,41400
232566,'Longwood University',69841.16,7444,970,0.7534,white,45300
232609,'University of Lynchburg',73876.57,7464,1023,0.7339,white,48800
232672,'Mary Baldwin University',62187.09,6610,983,0.5489,white,39500
232681,'University of Mary Washington',83782.23,7646,1114,0.7043,white,56200
232706,'Marymount University',89815.48,8101,970,0.3837,white,57000
232937,'Norfolk State University',56695.39,7968,762,0.0395,black,38800
232982,'Old Dominion University',63797.48,8943,1010,0.4625,white,48700
233295,'Randolph-Macon College',76295.38,7992,1091,0.7845,white,54800
233301,'Randolph College',68832.25,7633,1037,0.6949,white,41500
233374,'University of Richmond',83716.34,12109,1338,0.5943,white,78900
233426,'Roanoke College',74630.57,7610,1091,0.8222,white,52000
233541,'Shenandoah University',74666.57,7675,1009,0.5673,white,52300
233611,'Southern Virginia University',65610.54,6189,993,0.7394,white,39100
233718,'Sweet Briar College',72916.57,7067,1035,0.7094,white,43500
233921,'Virginia Polytechnic Institute and State University',77607.85,10988,1210,0.6654,white,67100
234030,'Virginia Commonwealth University',72221.8,8770,1094,0.4827,white,49700
234076,'University of Virginia-Main Campus',79524.13,13564,1362,0.5929,white,79400
234085,'Virginia Military Institute',73425.96,7258,1156,0.7992,white,65200
234155,'Virginia State University',59119.77,7564,817,0.0161,black,38400
234173,'Virginia Wesleyan University',71508.51,7932,959,0.5067,white,44100
234207,'Washington and Lee University',80995.13,12933,1396,0.8308,white,93300
234827,'Central Washington University',63170.67,7281,1043,0.5538,white,50100
235097,'Eastern Washington University',56952.77,8469,962,0.6439,white,46700
235167,'The Evergreen State College',63843.36,8008,1056,0.6626,white,36900
235316,'Gonzaga University',67848.44,9105,1224,0.7203,white,63800
236133,'Northwest University',71872.75,6644,1061,0.6878,white,46300
236230,'Pacific Lutheran University',65366.76,7405,1116,0.6574,white,53500
236577,'Seattle Pacific University',72206.46,8488,1108,0.5859,white,54200
236595,'Seattle University',70785.55,9007,1208,0.4626,white,63200
236896,'Walla Walla University',59374.31,5256,1074,0.6474,white,50900
236939,'Washington State University',63710,9807,1054,0.6126,white,56600
236948,'University of Washington-Seattle Campus',69752.4,11918,1266,0.4167,white,69600
237011,'Western Washington University',66707.46,9152,1122,0.7219,white,50600
237057,'Whitman College',70542.39,8926,1324,0.7138,white,59400
237066,'Whitworth University',63739.65,7073,1143,0.7241,white,48000
237118,'Alderson Broaddus University',44559.33,5012,963,0.6975,white,47000
237136,'Appalachian Bible College',52011.41,3052,899,0.95,white,33200
237215,'Bluefield State College',36594.82,6215,935,0.8639,white,31900
237312,'University of Charleston',50707.64,6440,971,0.5182,white,46800
237330,'Concord University',41360.98,6249,972,0.8507,white,35700
237358,'Davis & Elkins College',46441.47,5737,954,0.6212,white,40200
237367,'Fairmont State University',42179.08,6308,962,0.8471,white,38400
237385,'Glenville State College',38830.31,5828,901,0.7082,white,38400
237525,'Marshall University',45141.01,7172,1010,0.8429,white,41700
237640,'Ohio Valley University',52818.63,5013,966,0.5846,white,40400
237792,'Shepherd University',62744.63,6902,994,0.8129,white,43000
237899,'West Virginia State University',48790.55,6096,927,0.589,white,33800
237932,'West Liberty University',46862,6453,965,0.7285,white,39500
237950,'West Virginia University Institute of Technology',43154.68,7248,1000,0.7268,white,52700
237969,'West Virginia Wesleyan College',54372.93,5829,1032,0.7858,white,48800
238032,'West Virginia University',57483.6,9651,1069,0.7917,white,52700
238078,'Wheeling Jesuit University',49606.73,4853,971,0.7492,white,49600
238324,'Bellin College',63205.5,5314,1110,0.9448,white,62100
238333,'Beloit College',74481.76,7486,1222,0.6152,white,47700
238430,'Cardinal Stritch University',64348.07,5934,954,0.481,white,55400
238458,'Carroll University',73362.92,7187,1089,0.8052,white,47000
238476,'Carthage College',76392.24,8096,1101,0.6998,white,50100
238616,'Concordia University-Wisconsin',64715.84,8587,1105,0.7341,white,47300
238661,'Edgewood College',68115.77,5856,1069,0.7895,white,47600
238980,'Lakeland University',62779.58,6129,909,0.7724,white,45100
239017,'Lawrence University',74097.25,7831,1280,0.6768,white,48700
239105,'Marquette University',75591.25,9899,1199,0.7151,white,70700
239318,'Milwaukee School of Engineering',68757.09,9168,1245,0.67,white,71100
239390,'Mount Mary University',62361.14,6012,970,0.4938,white,43000
239628,'Ripon College',66802.94,7008,1085,0.8278,white,51300
239716,'Saint Norbert College',71321.9,7017,1124,0.876,white,51300
240055,'University of Wisconsin Colleges',62685.64,5732,970,0.8113,white,38900
240107,'Viterbo University',56953.94,6538,1065,0.8952,white,47400
240189,'University of Wisconsin-Whitewater',67955.05,7367,1050,0.8208,white,45800
240268,'University of Wisconsin-Eau Claire',64551.11,7347,1110,0.8898,white,50300
240277,'University of Wisconsin-Green Bay',63413.11,6738,1050,0.8519,white,44500
240329,'University of Wisconsin-La Crosse',64374,7075,1145,0.8938,white,52500
240338,'Wisconsin Lutheran College',69126.34,6124,1107,0.8231,white,45300
240365,'University of Wisconsin-Oshkosh',64650.08,7315,1030,0.8539,white,45600
240374,'University of Wisconsin-Parkside',64274.59,6419,970,0.6697,white,42600
240417,'University of Wisconsin-Stout',65020.23,6727,1030,0.8717,white,48700
240426,'University of Wisconsin-Superior',53835.5,6373,1010,0.7963,white,39800
240444,'University of Wisconsin-Madison',71185.17,11719,1302,0.7496,white,68000
240453,'University of Wisconsin-Milwaukee',65921.14,8404,1050,0.6666,white,48200
240462,'University of Wisconsin-Platteville',61602.16,6533,1090,0.8998,white,51200
240471,'University of Wisconsin-River Falls',69159.98,7419,1050,0.8843,white,44900
240480,'University of Wisconsin-Stevens Point',62211.59,6616,1050,0.8651,white,43600
240727,'University of Wyoming',56061.18,9312,1102,0.7347,white,54200
243665,'University of the Virgin Islands',59543.61,6755,807,0.0534,black,35500
243744,'Stanford University',80275.59,22146,1476,0.3619,white,141300
243780,'Purdue University-Main Campus',68624.95,11841,1228,0.6378,white,62200
366711,'California State University-San Marcos',72827.06,9148,963,0.2866,white,51100
377555,'University of Washington-Bothell Campus',69752.4,10046,1043,0.3893,white,69600
377564,'University of Washington-Tacoma Campus',69752.4,9588,975,0.4193,white,69600
392840,'Watkins College of Art Design & Film',61067.78,5447,999,0.7078,white,42000
407009,'Arizona State University-West',69074.33,8566,1078,0.4736,white,55500
420574,'Arizona State University-Polytechnic',69074.33,8349,1139,0.5452,white,55500
433660,'Florida Gulf Coast University',62394.85,7953,1090,0.6533,white,45800
436818,'University of Connecticut-Waterbury Campus',80999.86,13331,994,0.505,white,66000
436827,'University of Connecticut-Avery Point',80999.86,14631,1014,0.701,white,66000
436836,'University of Connecticut-Stamford',80999.86,14631,1013,0.4038,white,66000
440828,'Oregon State University-Cascades Campus',60312.67,9932,1093,0.7478,white,56700
443410,'DigiPen Institute of Technology',70283.94,8492,1242,0.3904,white,82400
446048,'Ave Maria University',72612.62,7290,1103,0.6076,white,3370
